home_team,away_team,event_date,event_time,matchday,event_timestamp,home_team_id,away_team_id,is_planned_tf,home_team_elo,away_team_elo,home_team_p_win,home_team_p_loss,home_team_p_draw,away_team_p_win,away_team_p_loss,away_team_p_draw,home_team_expected_points,away_team_expected_points
1. FC Slovácko,SK Slavia Praha,2024-07-21,17:00,1,2024-07-21 17:00:00,16,1,False,1361,1682,0.10568003014887221,0.8263535539440318,0.06796641590709607,0.8263535539440318,0.10568003014887221,0.06796641590709607,0.3850065063537127,2.5470270777391915
SK Slavia Praha,SK Dynamo České Budějovice,2024-07-27,20:00,2,2024-07-27 20:00:00,1,10,False,1682,1181,0.9306143375182546,0.04024041563137576,0.029145246850369677,0.04024041563137576,0.9306143375182546,0.029145246850369677,2.8209882594051336,0.14986649374449695
FC Slovan Liberec,SK Slavia Praha,2024-08-02,17:30,3,2024-08-02 17:30:00,12,1,False,1397,1682,0.12692611774973042,0.7945819150362295,0.07849196721404006,0.7945819150362295,0.12692611774973042,0.07849196721404006,0.45927032046323135,2.462237712322729
SK Slavia Praha,SK Sigma Olomouc,2024-08-10,20:00,4,2024-08-10 20:00:00,1,14,False,1682,1408,0.784053683887815,0.13411041754495612,0.08183589856722884,0.13411041754495612,0.784053683887815,0.08183589856722884,2.433996950230674,0.4841671512020972
SK Slavia Praha,FK Teplice,2024-08-17,17:00,5,2024-08-17 17:00:00,1,11,False,1682,1345,0.8391753178526756,0.09728596573147821,0.06353871641584619,0.09728596573147821,0.8391753178526756,0.06353871641584619,2.581064669973873,0.35539661361028085
SK Slavia Praha,FK Pardubice,2024-09-01,17:00,7,2024-09-01 17:00:00,1,4,False,1682,1289,0.8780900739425958,0.07241889492653986,0.049491031130864394,0.07241889492653986,0.8780900739425958,0.049491031130864394,2.6837612529586514,0.26674771591048396
FK Mladá Boleslav,SK Slavia Praha,2024-09-17,19:30,6,2024-09-17 19:30:00,2,1,False,1424,1682,0.14517082246824042,0.7680520031675839,0.08677717436417565,0.7680520031675839,0.14517082246824042,0.08677717436417565,0.5222896417688969,2.3909331838669274
SK Slavia Praha,FC Viktoria Plzeň,2024-09-21,19:00,9,2024-09-21 19:00:00,1,13,False,1682,1603,0.5416377027147634,0.32243941991489944,0.13592287737033715,0.32243941991489944,0.5416377027147634,0.13592287737033715,1.7608359855146274,1.1032411371150355
Bohemians 1905,SK Slavia Praha,2024-09-29,18:30,10,2024-09-29 18:30:00,3,1,False,1355,1682,0.10245988587127619,0.8312539156520465,0.06628619847667727,0.8312539156520465,0.10245988587127619,0.06628619847667727,0.37366585609050584,2.560047945432817
SK Slavia Praha,AC Sparta Praha,2024-10-06,18:30,11,2024-10-06 18:30:00,1,6,False,1682,1644,0.4827374755676238,0.37599824138233284,0.14126428305004335,0.37599824138233284,0.4827374755676238,0.14126428305004335,1.589476709752915,1.269259007197042
FK Jablonec,SK Slavia Praha,2024-10-20,18:30,12,2024-10-20 18:30:00,7,1,False,1429,1682,0.14877920237509723,0.7628849803052542,0.08833581731964857,0.7628849803052542,0.14877920237509723,0.08833581731964857,0.5346734244449403,2.376990758235411
SK Slavia Praha,FK Dukla Praha,2024-10-27,15:30,13,2024-10-27 15:30:00,1,15,False,1682,1238,0.9061958467735052,0.05500827253256483,0.03879588069393003,0.05500827253256483,0.9061958467735052,0.03879588069393003,2.757383421014446,0.20382069829162452
FC Hradec Králové,SK Slavia Praha,2024-11-03,18:30,14,2024-11-03 18:30:00,8,1,False,1404,1682,0.1314590000241483,0.7879267680774021,0.08061423189844952,0.7879267680774021,0.1314590000241483,0.08061423189844952,0.4749912319708944,2.444394536130656
SK Slavia Praha,MFK Karviná,2024-11-10,18:30,15,2024-11-10 18:30:00,1,9,False,1682,1315,0.8611409356570433,0.08313877240427012,0.05572029193868655,0.08313877240427012,0.8611409356570433,0.05572029193868655,2.6391430989098166,0.3051366091514969
SK Dynamo České Budějovice,SK Slavia Praha,2024-11-24,15:30,16,2024-11-24 15:30:00,10,1,False,1181,1682,0.04024041563137576,0.9306143375182546,0.029145246850369677,0.9306143375182546,0.04024041563137576,0.029145246850369677,0.14986649374449695,2.8209882594051336
SK Slavia Praha,FC Slovan Liberec,2024-12-01,13:00,17,2024-12-01 13:00:00,1,12,False,1682,1397,0.7945819150362295,0.12692611774973042,0.07849196721404006,0.12692611774973042,0.7945819150362295,0.07849196721404006,2.462237712322729,0.45927032046323135
FC Baník Ostrava,SK Slavia Praha,2024-12-05,17:30,8,2024-12-05 17:30:00,5,1,False,1504,1682,0.2120732319225979,0.676301669492737,0.11162509858466518,0.676301669492737,0.2120732319225979,0.11162509858466518,0.7478447943524589,2.140530107062876
SK Sigma Olomouc,SK Slavia Praha,2024-12-08,15:30,18,2024-12-08 15:30:00,14,1,False,1408,1682,0.13411041754495612,0.784053683887815,0.08183589856722884,0.784053683887815,0.13411041754495612,0.08183589856722884,0.4841671512020972,2.433996950230674
FK Teplice,SK Slavia Praha,2024-12-15,15:30,19,2024-12-15 15:30:00,11,1,False,1345,1682,0.09728596573147821,0.8391753178526756,0.06353871641584619,0.8391753178526756,0.09728596573147821,0.06353871641584619,0.35539661361028085,2.581064669973873
SK Slavia Praha,FK Mladá Boleslav,2025-02-02,18:30,20,2025-02-02 18:30:00,1,2,False,1682,1424,0.7680520031675839,0.14517082246824042,0.08677717436417565,0.14517082246824042,0.7680520031675839,0.08677717436417565,2.3909331838669274,0.5222896417688969
FK Pardubice,SK Slavia Praha,2025-02-08,16:00,21,2025-02-08 16:00:00,4,1,False,1289,1682,0.07241889492653986,0.8780900739425958,0.049491031130864394,0.8780900739425958,0.07241889492653986,0.049491031130864394,0.26674771591048396,2.6837612529586514
SK Slavia Praha,FC Baník Ostrava,2025-02-16,18:30,22,2025-02-16 18:30:00,1,5,False,1682,1504,0.676301669492737,0.2120732319225979,0.11162509858466518,0.2120732319225979,0.676301669492737,0.11162509858466518,2.140530107062876,0.7478447943524589
FC Viktoria Plzeň,SK Slavia Praha,2025-02-23,18:30,23,2025-02-23 18:30:00,13,1,False,1603,1682,0.32243941991489944,0.5416377027147634,0.13592287737033715,0.5416377027147634,0.32243941991489944,0.13592287737033715,1.1032411371150355,1.7608359855146274
SK Slavia Praha,Bohemians 1905,2025-03-02,18:30,24,2025-03-02 18:30:00,1,3,False,1682,1355,0.8312539156520465,0.10245988587127619,0.06628619847667727,0.10245988587127619,0.8312539156520465,0.06628619847667727,2.560047945432817,0.37366585609050584
AC Sparta Praha,SK Slavia Praha,2025-03-08,19:00,25,2025-03-08 19:00:00,6,1,False,1644,1682,0.37599824138233284,0.4827374755676238,0.14126428305004335,0.4827374755676238,0.37599824138233284,0.14126428305004335,1.269259007197042,1.589476709752915
SK Slavia Praha,FK Jablonec,2025-03-16,18:30,26,2025-03-16 18:30:00,1,7,True,1682,1429,0.7628849803052542,0.14877920237509723,0.08833581731964857,0.14877920237509723,0.7628849803052542,0.08833581731964857,2.376990758235411,0.5346734244449403
FK Dukla Praha,SK Slavia Praha,2025-03-29,19:00,27,2025-03-29 19:00:00,15,1,True,1238,1682,0.05500827253256483,0.9061958467735052,0.03879588069393003,0.9061958467735052,0.05500827253256483,0.03879588069393003,0.20382069829162452,2.757383421014446
SK Slavia Praha,FC Hradec Králové,2025-04-05,19:00,28,2025-04-05 19:00:00,1,8,True,1682,1404,0.7879267680774021,0.1314590000241483,0.08061423189844952,0.1314590000241483,0.7879267680774021,0.08061423189844952,2.444394536130656,0.4749912319708944
MFK Karviná,SK Slavia Praha,2025-04-12,00:00,29,2025-04-12 00:00:00,9,1,True,1315,1682,0.08313877240427012,0.8611409356570433,0.05572029193868655,0.8611409356570433,0.08313877240427012,0.05572029193868655,0.3051366091514969,2.6391430989098166
SK Slavia Praha,1. FC Slovácko,2025-04-19,00:00,30,2025-04-19 00:00:00,1,16,True,1682,1361,0.8263535539440318,0.10568003014887221,0.06796641590709607,0.10568003014887221,0.8263535539440318,0.06796641590709607,2.5470270777391915,0.3850065063537127
FK Jablonec,FK Mladá Boleslav,2024-07-20,14:30,1,2024-07-20 14:30:00,7,2,False,1429,1424,0.4355995097595788,0.42150324765525726,0.142897242585164,0.42150324765525726,0.4355995097595788,0.142897242585164,1.4496957718639003,1.407406985550936
FK Mladá Boleslav,1. FC Slovácko,2024-07-28,17:00,2,2024-07-28 17:00:00,2,16,False,1424,1361,0.5186997779295586,0.34288131351292145,0.13841890855752004,0.34288131351292145,0.5186997779295586,0.13841890855752004,1.6945182423461957,1.1670628490962844
FC Hradec Králové,FK Mladá Boleslav,2024-08-04,17:00,3,2024-08-04 17:00:00,8,2,False,1404,1424,0.40060320329074317,0.4569335079777882,0.14246328873146863,0.4569335079777882,0.40060320329074317,0.14246328873146863,1.3442728986036983,1.5132638126648335
FK Mladá Boleslav,SK Dynamo České Budějovice,2024-08-11,17:00,4,2024-08-11 17:00:00,2,10,False,1424,1181,0.7523149936056823,0.1562177520757074,0.09146725431861025,0.1562177520757074,0.7523149936056823,0.09146725431861025,2.3484122351356573,0.5601205105457324
SK Sigma Olomouc,FK Mladá Boleslav,2024-08-18,14:30,5,2024-08-18 14:30:00,14,2,False,1408,1424,0.4061446147638222,0.4512256641402582,0.14262972109591954,0.4512256641402582,0.4061446147638222,0.14262972109591954,1.3610635653873862,1.496306713516694
FK Teplice,FK Mladá Boleslav,2024-09-01,17:00,7,2024-09-01 17:00:00,11,2,False,1345,1424,0.32243941991489944,0.5416377027147634,0.13592287737033715,0.5416377027147634,0.32243941991489944,0.13592287737033715,1.1032411371150355,1.7608359855146274
FK Mladá Boleslav,FK Pardubice,2024-09-22,13:00,9,2024-09-22 13:00:00,2,4,False,1424,1289,0.6199413590445233,0.25636547799267223,0.12369316296280441,0.25636547799267223,0.6199413590445233,0.12369316296280441,1.9835172400963743,0.892789596940821
FC Viktoria Plzeň,FK Mladá Boleslav,2024-09-29,15:30,10,2024-09-29 15:30:00,13,2,False,1603,1424,0.6775605800851006,0.21111293178984536,0.11132648812505408,0.21111293178984536,0.6775605800851006,0.11132648812505408,2.144008228380356,0.7446652834945902
FK Mladá Boleslav,FC Baník Ostrava,2024-10-06,15:30,11,2024-10-06 15:30:00,2,5,False,1424,1504,0.3211830802052434,0.5430664920222119,0.13575042777254476,0.5430664920222119,0.3211830802052434,0.13575042777254476,1.099299668388275,1.7649499038391805
Bohemians 1905,FK Mladá Boleslav,2024-10-20,13:00,12,2024-10-20 13:00:00,3,2,False,1355,1424,0.3351420214452352,0.527315973006493,0.13754200554827178,0.527315973006493,0.3351420214452352,0.13754200554827178,1.1429680698839775,1.719489924567751
FK Mladá Boleslav,MFK Karviná,2024-10-27,15:30,13,2024-10-27 15:30:00,2,9,False,1424,1315,0.584100958813678,0.2859210974146497,0.12997794377167238,0.2859210974146497,0.584100958813678,0.12997794377167238,1.8822808202127062,0.9877412360156215
FK Dukla Praha,FK Mladá Boleslav,2024-11-02,13:30,14,2024-11-02 13:30:00,15,2,False,1238,1424,0.20448009968725794,0.6863002576833125,0.10921964262942963,0.6863002576833125,0.20448009968725794,0.10921964262942963,0.7226599416912034,2.168120415679367
FK Mladá Boleslav,AC Sparta Praha,2024-11-10,15:30,15,2024-11-10 15:30:00,2,6,False,1424,1644,0.17447401263881834,0.726830072276731,0.09869591508445064,0.726830072276731,0.17447401263881834,0.09869591508445064,0.6221179530009057,2.279186131914644
1. FC Slovácko,FK Mladá Boleslav,2024-11-23,16:00,16,2024-11-23 16:00:00,16,2,False,1361,1424,0.34288131351292145,0.5186997779295586,0.13841890855752004,0.5186997779295586,0.34288131351292145,0.13841890855752004,1.1670628490962844,1.6945182423461957
FK Mladá Boleslav,FC Hradec Králové,2024-12-01,15:30,17,2024-12-01 15:30:00,2,8,False,1424,1404,0.4569335079777882,0.40060320329074317,0.14246328873146863,0.40060320329074317,0.4569335079777882,0.14246328873146863,1.5132638126648335,1.3442728986036983
FK Mladá Boleslav,FC Slovan Liberec,2024-12-05,17:30,8,2024-12-05 17:30:00,2,12,False,1424,1397,0.46694860611555894,0.39096739659576046,0.1420839972886806,0.39096739659576046,0.46694860611555894,0.1420839972886806,1.5429298156353575,1.314986187075962
SK Dynamo České Budějovice,FK Mladá Boleslav,2024-12-08,13:00,18,2024-12-08 13:00:00,10,2,False,1181,1424,0.1562177520757074,0.7523149936056823,0.09146725431861025,0.7523149936056823,0.1562177520757074,0.09146725431861025,0.5601205105457324,2.3484122351356573
FK Mladá Boleslav,SK Sigma Olomouc,2024-12-15,15:30,19,2024-12-15 15:30:00,2,14,False,1424,1408,0.4512256641402582,0.4061446147638222,0.14262972109591954,0.4061446147638222,0.4512256641402582,0.14262972109591954,1.496306713516694,1.3610635653873862
FK Mladá Boleslav,FK Teplice,2025-02-08,13:30,21,2025-02-08 13:30:00,2,11,False,1424,1345,0.5416377027147634,0.32243941991489944,0.13592287737033715,0.32243941991489944,0.5416377027147634,0.13592287737033715,1.7608359855146274,1.1032411371150355
FC Slovan Liberec,FK Mladá Boleslav,2025-02-16,15:30,22,2025-02-16 15:30:00,12,2,False,1397,1424,0.39096739659576046,0.46694860611555894,0.1420839972886806,0.46694860611555894,0.39096739659576046,0.1420839972886806,1.314986187075962,1.5429298156353575
FK Pardubice,FK Mladá Boleslav,2025-02-22,16:00,23,2025-02-22 16:00:00,4,2,False,1289,1424,0.25636547799267223,0.6199413590445233,0.12369316296280441,0.6199413590445233,0.25636547799267223,0.12369316296280441,0.892789596940821,1.9835172400963743
FK Mladá Boleslav,FC Viktoria Plzeň,2025-03-02,15:30,24,2025-03-02 15:30:00,2,13,False,1424,1603,0.21111293178984536,0.6775605800851006,0.11132648812505408,0.6775605800851006,0.21111293178984536,0.11132648812505408,0.7446652834945902,2.144008228380356
FC Baník Ostrava,FK Mladá Boleslav,2025-03-09,13:00,25,2025-03-09 13:00:00,5,2,False,1504,1424,0.5430664920222119,0.3211830802052434,0.13575042777254476,0.3211830802052434,0.5430664920222119,0.13575042777254476,1.7649499038391805,1.099299668388275
FK Mladá Boleslav,Bohemians 1905,2025-03-15,13:30,26,2025-03-15 13:30:00,2,3,True,1424,1355,0.527315973006493,0.3351420214452352,0.13754200554827178,0.3351420214452352,0.527315973006493,0.13754200554827178,1.719489924567751,1.1429680698839775
MFK Karviná,FK Mladá Boleslav,2025-03-30,15:30,27,2025-03-30 15:30:00,9,2,True,1315,1424,0.2859210974146497,0.584100958813678,0.12997794377167238,0.584100958813678,0.2859210974146497,0.12997794377167238,0.9877412360156215,1.8822808202127062
FK Mladá Boleslav,FK Dukla Praha,2025-04-06,15:30,28,2025-04-06 15:30:00,2,15,True,1424,1238,0.6863002576833125,0.20448009968725794,0.10921964262942963,0.20448009968725794,0.6863002576833125,0.10921964262942963,2.168120415679367,0.7226599416912034
AC Sparta Praha,FK Mladá Boleslav,2025-04-12,00:00,29,2025-04-12 00:00:00,6,2,True,1644,1424,0.726830072276731,0.17447401263881834,0.09869591508445064,0.17447401263881834,0.726830072276731,0.09869591508445064,2.279186131914644,0.6221179530009057
FK Mladá Boleslav,FK Jablonec,2025-04-19,00:00,30,2025-04-19 00:00:00,2,7,True,1424,1429,0.42150324765525726,0.4355995097595788,0.142897242585164,0.4355995097595788,0.42150324765525726,0.142897242585164,1.407406985550936,1.4496957718639003
Bohemians 1905,FC Baník Ostrava,2024-07-20,17:00,1,2024-07-20 17:00:00,3,5,False,1355,1504,0.24130537985314435,0.6387377491117249,0.11995687103513075,0.6387377491117249,0.24130537985314435,0.11995687103513075,0.8438730105945638,2.0361701183703054
FK Dukla Praha,Bohemians 1905,2024-07-27,14:30,2,2024-07-27 14:30:00,15,3,False,1238,1355,0.27661213056082945,0.5952430396515719,0.12814482978759867,0.5952430396515719,0.27661213056082945,0.12814482978759867,0.957981221470087,1.9138739487423144
1. FC Slovácko,Bohemians 1905,2024-08-03,14:30,3,2024-08-03 14:30:00,16,3,False,1361,1355,0.43701527189640416,0.42010023964211857,0.14288448846147728,0.42010023964211857,0.43701527189640416,0.14288448846147728,1.4539303041506897,1.403185207387833
Bohemians 1905,AC Sparta Praha,2024-08-10,17:00,4,2024-08-10 17:00:00,3,6,False,1355,1644,0.12439633135900663,0.7983147441549775,0.07728892448601588,0.7983147441549775,0.12439633135900663,0.07728892448601588,0.45047791856303576,2.4722331569509484
MFK Karviná,Bohemians 1905,2024-08-17,17:00,5,2024-08-17 17:00:00,9,3,False,1315,1355,0.373300918333268,0.48561281583400134,0.14108626583273065,0.48561281583400134,0.373300918333268,0.14108626583273065,1.2609890208325347,1.5979247133347347
Bohemians 1905,FK Jablonec,2024-08-24,14:30,6,2024-08-24 14:30:00,3,7,False,1355,1429,0.32875941918416823,0.5344839447268315,0.13675663608900024,0.5344839447268315,0.32875941918416823,0.13675663608900024,1.1230348936415049,1.7402084702694947
SK Dynamo České Budějovice,Bohemians 1905,2024-08-31,14:30,7,2024-08-31 14:30:00,10,3,False,1181,1355,0.21594631611218493,0.6712405808158318,0.11281310307198322,0.6712405808158318,0.21594631611218493,0.11281310307198322,0.760652051408538,2.126534845519479
FC Slovan Liberec,Bohemians 1905,2024-09-22,18:30,9,2024-09-22 18:30:00,12,3,False,1397,1355,0.4884891087822083,0.37061145278249774,0.14089943843529396,0.37061145278249774,0.4884891087822083,0.14089943843529396,1.6063667647819189,1.2527337967827872
SK Sigma Olomouc,Bohemians 1905,2024-10-06,15:30,11,2024-10-06 15:30:00,14,3,False,1408,1355,0.5043172397550598,0.35596614617770733,0.1397166140672328,0.35596614617770733,0.5043172397550598,0.1397166140672328,1.6526683333324124,1.2076150526003548
FK Teplice,Bohemians 1905,2024-10-27,13:00,13,2024-10-27 13:00:00,11,3,False,1345,1355,0.4145013213281905,0.44268836623770724,0.14281031243410225,0.44268836623770724,0.4145013213281905,0.14281031243410225,1.3863142764186738,1.470875411147224
Bohemians 1905,FK Pardubice,2024-11-03,15:30,14,2024-11-03 15:30:00,3,4,False,1355,1289,0.5230095872975623,0.33900090875364175,0.13798950394879594,0.33900090875364175,0.5230095872975623,0.13798950394879594,1.707018265841483,1.1549922302097213
FC Viktoria Plzeň,Bohemians 1905,2024-11-10,15:30,15,2024-11-10 15:30:00,13,3,False,1603,1355,0.7576391748622517,0.15246127600415,0.08989954913359832,0.15246127600415,0.7576391748622517,0.08989954913359832,2.362817073720353,0.5472833771460484
Bohemians 1905,FK Dukla Praha,2024-11-24,13:00,16,2024-11-24 13:00:00,3,15,False,1355,1238,0.5952430396515719,0.27661213056082945,0.12814482978759867,0.27661213056082945,0.5952430396515719,0.12814482978759867,1.9138739487423144,0.957981221470087
Bohemians 1905,1. FC Slovácko,2024-11-30,13:30,17,2024-11-30 13:30:00,3,16,False,1355,1361,0.42010023964211857,0.43701527189640416,0.14288448846147728,0.43701527189640416,0.42010023964211857,0.14288448846147728,1.403185207387833,1.4539303041506897
Bohemians 1905,FC Hradec Králové,2024-12-04,20:00,8,2024-12-04 20:00:00,3,8,False,1355,1404,0.3612622508882752,0.4985608882908471,0.14017686082087777,0.4985608882908471,0.3612622508882752,0.14017686082087777,1.2239636134857033,1.6358595256934192
AC Sparta Praha,Bohemians 1905,2024-12-07,19:00,18,2024-12-07 19:00:00,6,3,False,1644,1355,0.7983147441549775,0.12439633135900663,0.07728892448601588,0.12439633135900663,0.7983147441549775,0.07728892448601588,2.4722331569509484,0.45047791856303576
Bohemians 1905,MFK Karviná,2024-12-14,16:00,19,2024-12-14 16:00:00,3,9,False,1355,1315,0.48561281583400134,0.373300918333268,0.14108626583273065,0.373300918333268,0.48561281583400134,0.14108626583273065,1.5979247133347347,1.2609890208325347
FK Jablonec,Bohemians 1905,2025-02-02,15:30,20,2025-02-02 15:30:00,7,3,False,1429,1355,0.5344839447268315,0.32875941918416823,0.13675663608900024,0.32875941918416823,0.5344839447268315,0.13675663608900024,1.7402084702694947,1.1230348936415049
Bohemians 1905,SK Dynamo České Budějovice,2025-02-09,15:30,21,2025-02-09 15:30:00,3,10,False,1355,1181,0.6712405808158318,0.21594631611218493,0.11281310307198322,0.21594631611218493,0.6712405808158318,0.11281310307198322,2.126534845519479,0.760652051408538
FC Hradec Králové,Bohemians 1905,2025-02-16,13:00,22,2025-02-16 13:00:00,8,3,False,1404,1355,0.4985608882908471,0.3612622508882752,0.14017686082087777,0.3612622508882752,0.4985608882908471,0.14017686082087777,1.6358595256934192,1.2239636134857033
Bohemians 1905,FC Slovan Liberec,2025-02-23,13:00,23,2025-02-23 13:00:00,3,12,False,1355,1397,0.37061145278249774,0.4884891087822083,0.14089943843529396,0.4884891087822083,0.37061145278249774,0.14089943843529396,1.2527337967827872,1.6063667647819189
Bohemians 1905,SK Sigma Olomouc,2025-03-09,15:30,25,2025-03-09 15:30:00,3,14,False,1355,1408,0.35596614617770733,0.5043172397550598,0.1397166140672328,0.5043172397550598,0.35596614617770733,0.1397166140672328,1.2076150526003548,1.6526683333324124
Bohemians 1905,FK Teplice,2025-03-29,16:00,27,2025-03-29 16:00:00,3,11,True,1355,1345,0.44268836623770724,0.4145013213281905,0.14281031243410225,0.4145013213281905,0.44268836623770724,0.14281031243410225,1.470875411147224,1.3863142764186738
FK Pardubice,Bohemians 1905,2025-04-05,13:30,28,2025-04-05 13:30:00,4,3,True,1289,1355,0.33900090875364175,0.5230095872975623,0.13798950394879594,0.5230095872975623,0.33900090875364175,0.13798950394879594,1.1549922302097213,1.707018265841483
Bohemians 1905,FC Viktoria Plzeň,2025-04-12,00:00,29,2025-04-12 00:00:00,3,13,True,1355,1603,0.15246127600415,0.7576391748622517,0.08989954913359832,0.7576391748622517,0.15246127600415,0.08989954913359832,0.5472833771460484,2.362817073720353
FC Baník Ostrava,Bohemians 1905,2025-04-19,00:00,30,2025-04-19 00:00:00,5,3,True,1504,1355,0.6387377491117249,0.24130537985314435,0.11995687103513075,0.24130537985314435,0.6387377491117249,0.11995687103513075,2.0361701183703054,0.8438730105945638
AC Sparta Praha,FK Pardubice,2024-07-19,19:00,1,2024-07-19 19:00:00,6,4,False,1644,1289,0.8526729520561114,0.08855822999698423,0.05876881794690436,0.08855822999698423,0.8526729520561114,0.05876881794690436,2.6167876741152387,0.32444350793785703
FK Pardubice,MFK Karviná,2024-07-27,17:00,2,2024-07-27 17:00:00,4,9,False,1289,1315,0.39233893587318014,0.46551605527316847,0.14214500885365133,0.46551605527316847,0.39233893587318014,0.14214500885365133,1.3191618164731918,1.5386931746731567
SK Dynamo České Budějovice,FK Pardubice,2024-08-04,14:30,3,2024-08-04 14:30:00,10,4,False,1181,1289,0.287097842594546,0.5827018849642301,0.1302002724412239,0.5827018849642301,0.287097842594546,0.1302002724412239,0.9914938002248619,1.8783059273339144
FK Pardubice,1. FC Slovácko,2024-08-11,14:30,4,2024-08-11 14:30:00,4,16,False,1289,1361,0.33130504369266833,0.5316182978281073,0.13707665847922434,0.5316182978281073,0.33130504369266833,0.13707665847922434,1.1309917895572292,1.7319315519635463
FC Slovan Liberec,FK Pardubice,2024-08-18,17:00,5,2024-08-18 17:00:00,12,4,False,1397,1289,0.5827018849642301,0.287097842594546,0.1302002724412239,0.287097842594546,0.5827018849642301,0.1302002724412239,1.8783059273339144,0.9914938002248619
FK Pardubice,FC Hradec Králové,2024-08-24,20:00,6,2024-08-24 20:00:00,4,8,False,1289,1404,0.2789217568024399,0.5924662305843318,0.1286120126132283,0.5924662305843318,0.2789217568024399,0.1286120126132283,0.965377283020548,1.9060107043662238
FK Pardubice,FK Teplice,2024-09-28,16:00,10,2024-09-28 16:00:00,4,11,False,1289,1345,0.3520169867496943,0.5086338358210827,0.13934917742922304,0.5086338358210827,0.3520169867496943,0.13934917742922304,1.1954001376783059,1.665250684892471
FC Viktoria Plzeň,FK Pardubice,2024-10-06,13:00,11,2024-10-06 13:00:00,13,4,False,1603,1289,0.820495207286423,0.10954936127707525,0.06995543143650174,0.10954936127707525,0.820495207286423,0.06995543143650174,2.531441053295771,0.39860351526772747
FK Dukla Praha,FK Pardubice,2024-10-19,16:00,12,2024-10-19 16:00:00,15,4,False,1238,1289,0.35860988804438204,0.5014391117091528,0.13995100024646523,0.5014391117091528,0.35860988804438204,0.13995100024646523,1.2157806643796114,1.6442683353739236
FK Pardubice,FC Baník Ostrava,2024-10-26,16:00,13,2024-10-26 16:00:00,4,5,False,1289,1504,0.17865852826298803,0.7210782431975601,0.10026322853945191,0.7210782431975601,0.17865852826298803,0.10026322853945191,0.636238813328416,2.263497958132132
FK Pardubice,FK Jablonec,2024-11-09,16:00,15,2024-11-09 16:00:00,4,7,False,1289,1429,0.2509169371224644,0.626699081666732,0.12238398121080363,0.626699081666732,0.2509169371224644,0.12238398121080363,0.8751347925781967,2.0024812262109997
MFK Karviná,FK Pardubice,2024-11-24,15:30,16,2024-11-24 15:30:00,9,4,False,1315,1289,0.46551605527316847,0.39233893587318014,0.14214500885365133,0.39233893587318014,0.46551605527316847,0.14214500885365133,1.5386931746731567,1.3191618164731918
FK Pardubice,SK Dynamo České Budějovice,2024-12-01,15:30,17,2024-12-01 15:30:00,4,10,False,1289,1181,0.5827018849642301,0.287097842594546,0.1302002724412239,0.287097842594546,0.5827018849642301,0.1302002724412239,1.8783059273339144,0.9914938002248619
FK Pardubice,SK Sigma Olomouc,2024-12-04,17:30,8,2024-12-04 17:30:00,4,14,False,1289,1408,0.27431435372821295,0.5980137657693436,0.1276718805024435,0.5980137657693436,0.27431435372821295,0.1276718805024435,0.9506149416870824,1.9217131778104743
1. FC Slovácko,FK Pardubice,2024-12-07,13:30,18,2024-12-07 13:30:00,16,4,False,1361,1289,0.5316182978281073,0.33130504369266833,0.13707665847922434,0.33130504369266833,0.5316182978281073,0.13707665847922434,1.7319315519635463,1.1309917895572292
FK Pardubice,FC Slovan Liberec,2024-12-14,16:00,19,2024-12-14 16:00:00,4,12,False,1289,1397,0.287097842594546,0.5827018849642301,0.1302002724412239,0.5827018849642301,0.287097842594546,0.1302002724412239,0.9914938002248619,1.8783059273339144
FC Hradec Králové,FK Pardubice,2025-02-01,19:00,20,2025-02-01 19:00:00,8,4,False,1404,1289,0.5924662305843318,0.2789217568024399,0.1286120126132283,0.2789217568024399,0.5924662305843318,0.1286120126132283,1.9060107043662238,0.965377283020548
SK Sigma Olomouc,FK Pardubice,2025-02-15,13:30,22,2025-02-15 13:30:00,14,4,False,1408,1289,0.5980137657693436,0.27431435372821295,0.1276718805024435,0.27431435372821295,0.5980137657693436,0.1276718805024435,1.9217131778104743,0.9506149416870824
FK Teplice,FK Pardubice,2025-03-01,19:00,24,2025-03-01 19:00:00,11,4,False,1345,1289,0.5086338358210827,0.3520169867496943,0.13934917742922304,0.3520169867496943,0.5086338358210827,0.13934917742922304,1.665250684892471,1.1954001376783059
FK Pardubice,FC Viktoria Plzeň,2025-03-09,18:30,25,2025-03-09 18:30:00,4,13,False,1289,1603,0.10954936127707525,0.820495207286423,0.06995543143650174,0.820495207286423,0.10954936127707525,0.06995543143650174,0.39860351526772747,2.531441053295771
FK Pardubice,FK Dukla Praha,2025-03-15,16:00,26,2025-03-15 16:00:00,4,15,True,1289,1238,0.5014391117091528,0.35860988804438204,0.13995100024646523,0.35860988804438204,0.5014391117091528,0.13995100024646523,1.6442683353739236,1.2157806643796114
FC Baník Ostrava,FK Pardubice,2025-03-29,16:00,27,2025-03-29 16:00:00,5,4,True,1504,1289,0.7210782431975601,0.17865852826298803,0.10026322853945191,0.17865852826298803,0.7210782431975601,0.10026322853945191,2.263497958132132,0.636238813328416
FK Jablonec,FK Pardubice,2025-04-12,00:00,29,2025-04-12 00:00:00,7,4,True,1429,1289,0.626699081666732,0.2509169371224644,0.12238398121080363,0.2509169371224644,0.626699081666732,0.12238398121080363,2.0024812262109997,0.8751347925781967
FK Pardubice,AC Sparta Praha,2025-04-19,00:00,30,2025-04-19 00:00:00,4,6,True,1289,1644,0.08855822999698423,0.8526729520561114,0.05876881794690436,0.8526729520561114,0.08855822999698423,0.05876881794690436,0.32444350793785703,2.6167876741152387
FC Baník Ostrava,FK Jablonec,2024-07-28,17:00,2,2024-07-28 17:00:00,5,7,False,1504,1429,0.5359159269451023,0.32749035666501497,0.1365937163898827,0.32749035666501497,0.5359159269451023,0.1365937163898827,1.7443414972251896,1.1190647863849277
FC Baník Ostrava,FC Hradec Králové,2024-08-11,17:00,4,2024-08-11 17:00:00,5,8,False,1504,1404,0.5714631174083814,0.29661499652817136,0.13192188606344724,0.29661499652817136,0.5714631174083814,0.13192188606344724,1.8463112382885916,1.0217668756479612
1. FC Slovácko,FC Baník Ostrava,2024-08-18,20:00,5,2024-08-18 20:00:00,16,5,False,1361,1504,0.24768500639431762,0.6307302886162022,0.12158470498948026,0.6307302886162022,0.24768500639431762,0.12158470498948026,0.8646397241724331,2.013775570838087
FC Baník Ostrava,FC Slovan Liberec,2024-08-25,14:30,6,2024-08-25 14:30:00,5,12,False,1504,1397,0.581301478368915,0.2882774756572447,0.1304210459738403,0.2882774756572447,0.581301478368915,0.1304210459738403,1.8743254810805854,0.9952534729455744
MFK Karviná,FC Baník Ostrava,2024-08-28,18:00,3,2024-08-28 18:00:00,9,5,False,1315,1504,0.20168525584502242,0.6900062072803139,0.10830853687466369,0.6900062072803139,0.20168525584502242,0.10830853687466369,0.713364304409731,2.1783271587156054
SK Sigma Olomouc,FC Baník Ostrava,2024-09-01,14:30,7,2024-09-01 14:30:00,14,5,False,1408,1504,0.30144137358197703,0.5658152030692333,0.13274342334878964,0.5658152030692333,0.30144137358197703,0.13274342334878964,1.0370675440947208,1.8301890325564896
FK Teplice,FC Baník Ostrava,2024-09-21,16:00,9,2024-09-21 16:00:00,11,5,False,1345,1504,0.23092407656660718,0.6519120398746636,0.1171638835587292,0.6519120398746636,0.23092407656660718,0.1171638835587292,0.8099361132585507,2.07290000318272
FC Baník Ostrava,SK Dynamo České Budějovice,2024-09-29,13:00,10,2024-09-29 13:00:00,5,10,False,1504,1181,0.8279993802611698,0.10459685263267142,0.06740376710615881,0.10459685263267142,0.8279993802611698,0.06740376710615881,2.551401907889668,0.38119432500417305
FC Baník Ostrava,FC Viktoria Plzeň,2024-10-19,16:00,12,2024-10-19 16:00:00,5,13,False,1504,1603,0.29781739790947936,0.5700528235839882,0.1321297785065324,0.5700528235839882,0.29781739790947936,0.1321297785065324,1.0255819722349706,1.8422882492584973
AC Sparta Praha,FC Baník Ostrava,2024-11-02,19:00,14,2024-11-02 19:00:00,6,5,False,1644,1504,0.626699081666732,0.2509169371224644,0.12238398121080363,0.2509169371224644,0.626699081666732,0.12238398121080363,2.0024812262109997,0.8751347925781967
FC Baník Ostrava,FK Dukla Praha,2024-11-09,13:30,15,2024-11-09 13:30:00,5,15,False,1504,1238,0.7761545753418307,0.13954883824228792,0.08429658641588134,0.13954883824228792,0.7761545753418307,0.08429658641588134,2.4127603124413737,0.5029431011427451
FK Jablonec,FC Baník Ostrava,2024-11-23,13:30,16,2024-11-23 13:30:00,7,5,False,1429,1504,0.32749035666501497,0.5359159269451023,0.1365937163898827,0.5359159269451023,0.32749035666501497,0.1365937163898827,1.1190647863849277,1.7443414972251896
FC Baník Ostrava,MFK Karviná,2024-11-30,16:00,17,2024-11-30 16:00:00,5,9,False,1504,1315,0.6900062072803139,0.20168525584502242,0.10830853687466369,0.20168525584502242,0.6900062072803139,0.10830853687466369,2.1783271587156054,0.713364304409731
FC Hradec Králové,FC Baník Ostrava,2024-12-08,18:30,18,2024-12-08 18:30:00,8,5,False,1404,1504,0.29661499652817136,0.5714631174083814,0.13192188606344724,0.5714631174083814,0.29661499652817136,0.13192188606344724,1.0217668756479612,1.8463112382885916
FC Baník Ostrava,1. FC Slovácko,2024-12-14,19:00,19,2024-12-14 19:00:00,5,16,False,1504,1361,0.6307302886162022,0.24768500639431762,0.12158470498948026,0.24768500639431762,0.6307302886162022,0.12158470498948026,2.013775570838087,0.8646397241724331
FC Slovan Liberec,FC Baník Ostrava,2025-02-01,16:00,20,2025-02-01 16:00:00,12,5,False,1397,1504,0.2882774756572447,0.581301478368915,0.1304210459738403,0.581301478368915,0.2882774756572447,0.1304210459738403,0.9952534729455744,1.8743254810805854
FC Baník Ostrava,SK Sigma Olomouc,2025-02-09,15:30,21,2025-02-09 15:30:00,5,14,False,1504,1408,0.5658152030692333,0.30144137358197703,0.13274342334878964,0.30144137358197703,0.5658152030692333,0.13274342334878964,1.8301890325564896,1.0370675440947208
FC Baník Ostrava,FK Teplice,2025-02-22,16:00,23,2025-02-22 16:00:00,5,11,False,1504,1345,0.6519120398746636,0.23092407656660718,0.1171638835587292,0.23092407656660718,0.6519120398746636,0.1171638835587292,2.07290000318272,0.8099361132585507
SK Dynamo České Budějovice,FC Baník Ostrava,2025-03-01,13:30,24,2025-03-01 13:30:00,10,5,False,1181,1504,0.10459685263267142,0.8279993802611698,0.06740376710615881,0.8279993802611698,0.10459685263267142,0.06740376710615881,0.38119432500417305,2.551401907889668
FC Viktoria Plzeň,FC Baník Ostrava,2025-03-16,15:30,26,2025-03-16 15:30:00,13,5,True,1603,1504,0.5700528235839882,0.29781739790947936,0.1321297785065324,0.29781739790947936,0.5700528235839882,0.1321297785065324,1.8422882492584973,1.0255819722349706
FC Baník Ostrava,AC Sparta Praha,2025-04-05,16:00,28,2025-04-05 16:00:00,5,6,True,1504,1644,0.2509169371224644,0.626699081666732,0.12238398121080363,0.626699081666732,0.2509169371224644,0.12238398121080363,0.8751347925781967,2.0024812262109997
FK Dukla Praha,FC Baník Ostrava,2025-04-12,00:00,29,2025-04-12 00:00:00,15,5,True,1238,1504,0.13954883824228792,0.7761545753418307,0.08429658641588134,0.7761545753418307,0.13954883824228792,0.08429658641588134,0.5029431011427451,2.4127603124413737
FK Teplice,AC Sparta Praha,2024-07-27,17:00,2,2024-07-27 17:00:00,11,6,False,1345,1644,0.11826064065809262,0.8074241816712792,0.07431517767062823,0.8074241816712792,0.11826064065809262,0.07431517767062823,0.4290970996449061,2.496587722684466
AC Sparta Praha,FK Dukla Praha,2024-08-02,20:00,3,2024-08-02 20:00:00,6,15,False,1644,1238,0.8858769425858495,0.06755002899657621,0.04657302841757427,0.06755002899657621,0.8858769425858495,0.04657302841757427,2.7042038561751225,0.2492231154073029
FK Jablonec,AC Sparta Praha,2024-08-17,20:00,5,2024-08-17 20:00:00,7,6,False,1429,1644,0.17865852826298803,0.7210782431975601,0.10026322853945191,0.7210782431975601,0.17865852826298803,0.10026322853945191,0.636238813328416,2.263497958132132
AC Sparta Praha,1. FC Slovácko,2024-08-24,17:00,6,2024-08-24 17:00:00,6,16,False,1644,1361,0.7926963841757685,0.1282074219668559,0.07909619385737565,0.1282074219668559,0.7926963841757685,0.07909619385737565,2.4571853463846813,0.46371845975794335
FC Hradec Králové,AC Sparta Praha,2024-08-31,20:00,7,2024-08-31 20:00:00,8,6,False,1404,1644,0.15850763307675816,0.7490830628775357,0.09240930404570613,0.7490830628775357,0.15850763307675816,0.09240930404570613,0.5679322032759806,2.3396584926783133
SK Dynamo České Budějovice,AC Sparta Praha,2024-09-22,15:30,9,2024-09-22 15:30:00,10,6,False,1181,1644,0.049591832864031196,0.9150891110604187,0.03531905607555008,0.9150891110604187,0.049591832864031196,0.03531905607555008,0.18409455466764368,2.780586389256806
AC Sparta Praha,SK Sigma Olomouc,2024-09-27,19:30,10,2024-09-27 19:30:00,6,14,False,1644,1408,0.7447304068650347,0.16160309261305672,0.09366650052190861,0.16160309261305672,0.7447304068650347,0.09366650052190861,2.3278577211170126,0.5784757783610788
AC Sparta Praha,FC Slovan Liberec,2024-10-19,19:00,12,2024-10-19 19:00:00,6,12,False,1644,1397,0.7565805942950526,0.15320659692731933,0.09021280877762805,0.15320659692731933,0.7565805942950526,0.09021280877762805,2.359954591662786,0.5498325995595861
FC Viktoria Plzeň,AC Sparta Praha,2024-10-27,18:30,13,2024-10-27 18:30:00,13,6,False,1603,1644,0.3719551943780582,0.48705085510713625,0.14099395051480557,0.48705085510713625,0.3719551943780582,0.14099395051480557,1.25685953364898,1.6021465158362145
AC Sparta Praha,FK Teplice,2024-11-23,16:00,16,2024-11-23 16:00:00,6,11,False,1644,1345,0.8074241816712792,0.11826064065809262,0.07431517767062823,0.11826064065809262,0.8074241816712792,0.07431517767062823,2.496587722684466,0.4290970996449061
FK Dukla Praha,AC Sparta Praha,2024-11-30,19:00,17,2024-11-30 19:00:00,15,6,False,1238,1644,0.06755002899657621,0.8858769425858495,0.04657302841757427,0.8858769425858495,0.06755002899657621,0.04657302841757427,0.2492231154073029,2.7042038561751225
AC Sparta Praha,MFK Karviná,2024-12-03,19:00,8,2024-12-03 19:00:00,6,9,False,1644,1315,0.8328626902603795,0.10140597110901775,0.06573133863060276,0.10140597110901775,0.8328626902603795,0.06573133863060276,2.564319409411741,0.36994925195765604
AC Sparta Praha,FK Jablonec,2024-12-15,13:00,19,2024-12-15 13:00:00,6,7,False,1644,1429,0.7210782431975601,0.17865852826298803,0.10026322853945191,0.17865852826298803,0.7210782431975601,0.10026322853945191,2.263497958132132,0.636238813328416
1. FC Slovácko,AC Sparta Praha,2025-02-02,13:00,20,2025-02-02 13:00:00,16,6,False,1361,1644,0.1282074219668559,0.7926963841757685,0.07909619385737565,0.7926963841757685,0.1282074219668559,0.07909619385737565,0.46371845975794335,2.4571853463846813
AC Sparta Praha,FC Hradec Králové,2025-02-09,18:30,21,2025-02-09 18:30:00,6,8,False,1644,1404,0.7490830628775357,0.15850763307675816,0.09240930404570613,0.15850763307675816,0.7490830628775357,0.09240930404570613,2.3396584926783133,0.5679322032759806
MFK Karviná,AC Sparta Praha,2025-02-15,19:00,22,2025-02-15 19:00:00,9,6,False,1315,1644,0.10140597110901775,0.8328626902603795,0.06573133863060276,0.8328626902603795,0.10140597110901775,0.06573133863060276,0.36994925195765604,2.564319409411741
AC Sparta Praha,SK Dynamo České Budějovice,2025-02-22,19:00,23,2025-02-22 19:00:00,6,10,False,1644,1181,0.9150891110604187,0.049591832864031196,0.03531905607555008,0.049591832864031196,0.9150891110604187,0.03531905607555008,2.780586389256806,0.18409455466764368
SK Sigma Olomouc,AC Sparta Praha,2025-03-01,16:00,24,2025-03-01 16:00:00,14,6,False,1408,1644,0.16160309261305672,0.7447304068650347,0.09366650052190861,0.7447304068650347,0.16160309261305672,0.09366650052190861,0.5784757783610788,2.3278577211170126
FC Slovan Liberec,AC Sparta Praha,2025-03-15,19:00,26,2025-03-15 19:00:00,12,6,True,1397,1644,0.15320659692731933,0.7565805942950526,0.09021280877762805,0.7565805942950526,0.15320659692731933,0.09021280877762805,0.5498325995595861,2.359954591662786
AC Sparta Praha,FC Viktoria Plzeň,2025-03-30,18:30,27,2025-03-30 18:30:00,6,13,True,1644,1603,0.48705085510713625,0.3719551943780582,0.14099395051480557,0.3719551943780582,0.48705085510713625,0.14099395051480557,1.6021465158362145,1.25685953364898
FK Jablonec,FC Viktoria Plzeň,2024-08-03,17:00,3,2024-08-03 17:00:00,7,13,False,1429,1603,0.21594631611218493,0.6712405808158318,0.11281310307198322,0.6712405808158318,0.21594631611218493,0.11281310307198322,0.760652051408538,2.126534845519479
FK Dukla Praha,FK Jablonec,2024-08-10,14:30,4,2024-08-10 14:30:00,15,7,False,1238,1429,0.1998379440848642,0.6924633925795177,0.10769866333561806,0.6924633925795177,0.1998379440848642,0.10769866333561806,0.7072124955902106,2.185088841074171
1. FC Slovácko,FK Jablonec,2024-08-31,17:00,7,2024-08-31 17:00:00,16,7,False,1361,1429,0.33642590195870453,0.525880930891169,0.13769316715012647,0.525880930891169,0.33642590195870453,0.13769316715012647,1.14697087302624,1.7153359598236337
MFK Karviná,FK Jablonec,2024-09-21,16:00,9,2024-09-21 16:00:00,9,7,False,1315,1429,0.2800809940528481,0.5910755963149433,0.12884340963220864,0.5910755963149433,0.2800809940528481,0.12884340963220864,0.9690863917907528,1.9020701985770387
FK Jablonec,FC Hradec Králové,2024-09-28,19:00,10,2024-09-28 19:00:00,7,8,False,1429,1404,0.4640840730548977,0.3937121762145718,0.1422037507305305,0.3937121762145718,0.4640840730548977,0.1422037507305305,1.5344559698952236,1.323340279374246
FC Slovan Liberec,FK Jablonec,2024-10-05,19:00,11,2024-10-05 19:00:00,12,7,False,1397,1429,0.384135895746244,0.4741190691088309,0.1417450351449251,0.4741190691088309,0.384135895746244,0.1417450351449251,1.2941527223836573,1.5641022424714177
SK Sigma Olomouc,FK Jablonec,2024-10-26,19:00,13,2024-10-26 19:00:00,14,7,False,1408,1429,0.399221754109989,0.45836229728523653,0.14241594860477447,0.45836229728523653,0.399221754109989,0.14241594860477447,1.3400812109347415,1.517502840460484
FK Jablonec,FK Teplice,2024-11-02,16:00,14,2024-11-02 16:00:00,7,11,False,1429,1345,0.5487743358597419,0.3161836858063414,0.13504197833391673,0.3161836858063414,0.5487743358597419,0.13504197833391673,1.7813649859131424,1.0835930357529409
FC Viktoria Plzeň,FK Jablonec,2024-12-01,18:30,17,2024-12-01 18:30:00,13,7,False,1603,1429,0.6712405808158318,0.21594631611218493,0.11281310307198322,0.21594631611218493,0.6712405808158318,0.11281310307198322,2.126534845519479,0.760652051408538
FK Jablonec,SK Dynamo České Budějovice,2024-12-04,17:30,8,2024-12-04 17:30:00,7,10,False,1429,1181,0.7576391748622517,0.15246127600415,0.08989954913359832,0.15246127600415,0.7576391748622517,0.08989954913359832,2.362817073720353,0.5472833771460484
FK Jablonec,FK Dukla Praha,2024-12-07,16:00,18,2024-12-07 16:00:00,7,15,False,1429,1238,0.6924633925795177,0.1998379440848642,0.10769866333561806,0.1998379440848642,0.6924633925795177,0.10769866333561806,2.185088841074171,0.7072124955902106
FK Jablonec,1. FC Slovácko,2025-02-09,13:00,21,2025-02-09 13:00:00,7,16,False,1429,1361,0.525880930891169,0.33642590195870453,0.13769316715012647,0.33642590195870453,0.525880930891169,0.13769316715012647,1.7153359598236337,1.14697087302624
SK Dynamo České Budějovice,FK Jablonec,2025-02-15,16:00,22,2025-02-15 16:00:00,10,7,False,1181,1429,0.15246127600415,0.7576391748622517,0.08989954913359832,0.7576391748622517,0.15246127600415,0.08989954913359832,0.5472833771460484,2.362817073720353
FK Jablonec,MFK Karviná,2025-02-23,15:30,23,2025-02-23 15:30:00,7,9,False,1429,1315,0.5910755963149433,0.2800809940528481,0.12884340963220864,0.2800809940528481,0.5910755963149433,0.12884340963220864,1.9020701985770387,0.9690863917907528
FC Hradec Králové,FK Jablonec,2025-03-01,16:00,24,2025-03-01 16:00:00,8,7,False,1404,1429,0.3937121762145718,0.4640840730548977,0.1422037507305305,0.4640840730548977,0.3937121762145718,0.1422037507305305,1.323340279374246,1.5344559698952236
FK Jablonec,FC Slovan Liberec,2025-03-08,16:00,25,2025-03-08 16:00:00,7,12,False,1429,1397,0.4741190691088309,0.384135895746244,0.1417450351449251,0.384135895746244,0.4741190691088309,0.1417450351449251,1.5641022424714177,1.2941527223836573
FK Jablonec,SK Sigma Olomouc,2025-03-29,13:30,27,2025-03-29 13:30:00,7,14,True,1429,1408,0.45836229728523653,0.399221754109989,0.14241594860477447,0.399221754109989,0.45836229728523653,0.14241594860477447,1.517502840460484,1.3400812109347415
FK Teplice,FK Jablonec,2025-04-06,13:00,28,2025-04-06 13:00:00,11,7,True,1345,1429,0.3161836858063414,0.5487743358597419,0.13504197833391673,0.5487743358597419,0.3161836858063414,0.13504197833391673,1.0835930357529409,1.7813649859131424
FC Hradec Králové,FK Teplice,2024-07-21,20:00,1,2024-07-21 20:00:00,8,11,False,1404,1345,0.5129491448928637,0.34808796012533627,0.13896289498180003,0.34808796012533627,0.5129491448928637,0.13896289498180003,1.677810329660391,1.183226775357809
FC Viktoria Plzeň,FC Hradec Králové,2024-07-28,20:00,2,2024-07-28 20:00:00,13,8,False,1603,1404,0.7021826020905207,0.19257581832872078,0.10524157958075842,0.19257581832872078,0.7021826020905207,0.10524157958075842,2.2117893858523208,0.6829690345669208
FC Hradec Králové,FK Dukla Praha,2024-08-17,14:30,5,2024-08-17 14:30:00,8,15,False,1404,1238,0.6609990912463583,0.22384542465816928,0.1151554840954725,0.22384542465816928,0.6609990912463583,0.1151554840954725,2.098152757834547,0.7866917580699804
FC Hradec Králové,1. FC Slovácko,2024-09-21,13:30,9,2024-09-21 13:30:00,8,16,False,1404,1361,0.48992755307256153,0.3692697113837977,0.14080273554364076,0.3692697113837977,0.48992755307256153,0.14080273554364076,1.6105853947613253,1.248611869695034
MFK Karviná,FC Hradec Králové,2024-10-05,13:30,11,2024-10-05 13:30:00,9,8,False,1315,1404,0.30999379271968613,0.5558909611168531,0.1341152461634607,0.5558909611168531,0.30999379271968613,0.1341152461634607,1.0640966243225192,1.8017881295140201
FC Hradec Králové,SK Sigma Olomouc,2024-10-19,13:30,12,2024-10-19 13:30:00,8,14,False,1404,1408,0.422907524174671,0.43418479693076684,0.14290767889456224,0.43418479693076684,0.422907524174671,0.14290767889456224,1.4116302514185752,1.4454620696868627
SK Dynamo České Budějovice,FC Hradec Králové,2024-10-26,16:00,13,2024-10-26 16:00:00,10,8,False,1181,1404,0.17200061973883018,0.730245413297424,0.09775396696374583,0.730245413297424,0.17200061973883018,0.09775396696374583,0.6137558261802364,2.288490206856018
FC Slovan Liberec,FC Hradec Králové,2024-11-09,16:00,15,2024-11-09 16:00:00,12,8,False,1397,1404,0.41869852163108506,0.43843206102635396,0.14286941734256098,0.43843206102635396,0.41869852163108506,0.14286941734256098,1.3989649822358161,1.4581656004216228
FC Hradec Králové,FC Viktoria Plzeň,2024-11-23,19:00,16,2024-11-23 19:00:00,8,13,False,1404,1603,0.19257581832872078,0.7021826020905207,0.10524157958075842,0.7021826020905207,0.19257581832872078,0.10524157958075842,0.6829690345669208,2.2117893858523208
FK Dukla Praha,FC Hradec Králové,2024-12-14,13:30,19,2024-12-14 13:30:00,15,8,False,1238,1404,0.22384542465816928,0.6609990912463583,0.1151554840954725,0.6609990912463583,0.22384542465816928,0.1151554840954725,0.7866917580699804,2.098152757834547
FC Hradec Králové,MFK Karviná,2025-03-09,15:30,25,2025-03-09 15:30:00,8,9,False,1404,1315,0.5558909611168531,0.30999379271968613,0.1341152461634607,0.30999379271968613,0.5558909611168531,0.1341152461634607,1.8017881295140201,1.0640966243225192
SK Sigma Olomouc,FC Hradec Králové,2025-03-16,13:00,26,2025-03-16 13:00:00,14,8,True,1408,1404,0.43418479693076684,0.422907524174671,0.14290767889456224,0.422907524174671,0.43418479693076684,0.14290767889456224,1.4454620696868627,1.4116302514185752
FC Hradec Králové,SK Dynamo České Budějovice,2025-03-30,15:30,27,2025-03-30 15:30:00,8,10,True,1404,1181,0.730245413297424,0.17200061973883018,0.09775396696374583,0.17200061973883018,0.730245413297424,0.09775396696374583,2.288490206856018,0.6137558261802364
1. FC Slovácko,FC Hradec Králové,2025-04-09,18:00,23,2025-04-09 18:00:00,16,8,True,1361,1404,0.3692697113837977,0.48992755307256153,0.14080273554364076,0.48992755307256153,0.3692697113837977,0.14080273554364076,1.248611869695034,1.6105853947613253
FC Hradec Králové,FC Slovan Liberec,2025-04-12,00:00,29,2025-04-12 00:00:00,8,12,True,1404,1397,0.43843206102635396,0.41869852163108506,0.14286941734256098,0.41869852163108506,0.43843206102635396,0.14286941734256098,1.4581656004216228,1.3989649822358161
FK Teplice,FC Hradec Králové,2025-04-19,00:00,30,2025-04-19 00:00:00,11,8,True,1345,1404,0.34808796012533627,0.5129491448928637,0.13896289498180003,0.5129491448928637,0.34808796012533627,0.13896289498180003,1.183226775357809,1.677810329660391
MFK Karviná,FC Slovan Liberec,2024-07-21,14:30,1,2024-07-21 14:30:00,9,12,False,1315,1397,0.3186781648336063,0.5459219227804837,0.13539991238590998,0.5459219227804837,0.3186781648336063,0.13539991238590998,1.0914344068867288,1.773165680727361
FC Viktoria Plzeň,MFK Karviná,2024-08-11,20:00,4,2024-08-11 20:00:00,13,9,False,1603,1315,0.7973863140277038,0.125024693001636,0.07758899297066024,0.125024693001636,0.7973863140277038,0.07758899297066024,2.4697479350537717,0.4526630719755682
FK Teplice,MFK Karviná,2024-08-24,17:00,6,2024-08-24 17:00:00,11,9,False,1345,1315,0.4712494361077314,0.3868631798468569,0.14188738404541168,0.3868631798468569,0.4712494361077314,0.14188738404541168,1.5556356923686057,1.3024769235859823
MFK Karviná,FK Dukla Praha,2024-09-01,14:30,7,2024-09-01 14:30:00,9,15,False,1315,1238,0.5387780920571715,0.3249597989597013,0.13626210898312718,0.3249597989597013,0.5387780920571715,0.13626210898312718,1.752596385154642,1.1111415058622311
1. FC Slovácko,MFK Karviná,2024-09-28,16:00,10,2024-09-28 16:00:00,16,9,False,1361,1315,0.49424379158885506,0.3652566649476832,0.14049954346346172,0.3652566649476832,0.49424379158885506,0.14049954346346172,1.6232309182300269,1.2362695383065114
MFK Karviná,SK Dynamo České Budějovice,2024-10-20,15:30,12,2024-10-20 15:30:00,9,10,False,1315,1181,0.6185841220890307,0.25746444105693017,0.12395143685403909,0.25746444105693017,0.6185841220890307,0.12395143685403909,1.9797038031211311,0.8963447600248295
MFK Karviná,SK Sigma Olomouc,2024-11-02,16:00,14,2024-11-02 16:00:00,9,14,False,1315,1408,0.30509028727049736,0.5615679389736461,0.13334177375585654,0.5615679389736461,0.30509028727049736,0.13334177375585654,1.0486126355673486,1.8180455906767947
MFK Karviná,FC Viktoria Plzeň,2024-12-08,13:00,18,2024-12-08 13:00:00,9,13,False,1315,1603,0.125024693001636,0.7973863140277038,0.07758899297066024,0.7973863140277038,0.125024693001636,0.07758899297066024,0.4526630719755682,2.4697479350537717
MFK Karviná,FK Teplice,2025-02-01,13:30,20,2025-02-01 13:30:00,9,11,False,1315,1345,0.3868631798468569,0.4712494361077314,0.14188738404541168,0.4712494361077314,0.3868631798468569,0.14188738404541168,1.3024769235859823,1.5556356923686057
MFK Karviná,1. FC Slovácko,2025-03-02,15:30,24,2025-03-02 15:30:00,9,16,False,1315,1361,0.3652566649476832,0.49424379158885506,0.14049954346346172,0.49424379158885506,0.3652566649476832,0.14049954346346172,1.2362695383065114,1.6232309182300269
FK Dukla Praha,MFK Karviná,2025-03-12,18:00,21,2025-03-12 18:00:00,15,9,True,1238,1315,0.3249597989597013,0.5387780920571715,0.13626210898312718,0.5387780920571715,0.3249597989597013,0.13626210898312718,1.1111415058622311,1.752596385154642
SK Dynamo České Budějovice,MFK Karviná,2025-03-16,15:30,26,2025-03-16 15:30:00,10,9,True,1181,1315,0.25746444105693017,0.6185841220890307,0.12395143685403909,0.6185841220890307,0.25746444105693017,0.12395143685403909,0.8963447600248295,1.9797038031211311
SK Sigma Olomouc,MFK Karviná,2025-04-06,15:30,28,2025-04-06 15:30:00,14,9,True,1408,1315,0.5615679389736461,0.30509028727049736,0.13334177375585654,0.30509028727049736,0.5615679389736461,0.13334177375585654,1.8180455906767947,1.0486126355673486
FC Slovan Liberec,MFK Karviná,2025-04-19,00:00,30,2025-04-19 00:00:00,12,9,True,1397,1315,0.5459219227804837,0.3186781648336063,0.13539991238590998,0.3186781648336063,0.5459219227804837,0.13539991238590998,1.773165680727361,1.0914344068867288
SK Dynamo České Budějovice,SK Sigma Olomouc,2024-07-20,17:00,1,2024-07-20 17:00:00,10,14,False,1181,1408,0.16874608434795343,0.7347570893165466,0.09649682633549994,0.7347570893165466,0.16874608434795343,0.09649682633549994,0.6027350793793602,2.3007680942851394
SK Dynamo České Budějovice,FC Viktoria Plzeň,2024-08-18,17:00,5,2024-08-18 17:00:00,10,13,False,1181,1603,0.06197471592535801,0.8948627896440804,0.04316249443056164,0.8948627896440804,0.06197471592535801,0.04316249443056164,0.22908664220663566,2.7277508633628025
FK Dukla Praha,SK Dynamo České Budějovice,2024-08-25,17:00,6,2024-08-25 17:00:00,15,10,False,1238,1181,0.5100724469274385,0.3507050528890364,0.1392225001835251,0.3507050528890364,0.5100724469274385,0.1392225001835251,1.6694398409658406,1.1913376588506344
SK Dynamo České Budějovice,1. FC Slovácko,2024-10-05,16:00,11,2024-10-05 16:00:00,10,16,False,1181,1361,0.21015582024186943,0.6788169197947567,0.11102725996337393,0.6788169197947567,0.21015582024186943,0.11102725996337393,0.7414947206889823,2.147478019347644
SK Dynamo České Budějovice,FC Slovan Liberec,2024-11-03,13:00,14,2024-11-03 13:00:00,10,12,False,1181,1397,0.17781538884649767,0.7222345336491706,0.09995007750433182,0.7222345336491706,0.17781538884649767,0.09995007750433182,0.6333962440438248,2.266653678451844
FK Teplice,SK Dynamo České Budějovice,2024-11-10,13:00,15,2024-11-10 13:00:00,11,10,False,1345,1181,0.6584145209169125,0.22585202229816936,0.11573345678491809,0.22585202229816936,0.6584145209169125,0.11573345678491809,2.090977019535656,0.7932895236794262
FC Viktoria Plzeň,SK Dynamo České Budějovice,2024-12-15,18:30,19,2024-12-15 18:30:00,13,10,False,1603,1181,0.8948627896440804,0.06197471592535801,0.04316249443056164,0.06197471592535801,0.8948627896440804,0.04316249443056164,2.7277508633628025,0.22908664220663566
SK Dynamo České Budějovice,FK Dukla Praha,2025-02-01,16:00,20,2025-02-01 16:00:00,10,15,False,1181,1238,0.3507050528890364,0.5100724469274385,0.1392225001835251,0.5100724469274385,0.3507050528890364,0.1392225001835251,1.1913376588506344,1.6694398409658406
1. FC Slovácko,SK Dynamo České Budějovice,2025-03-08,16:00,25,2025-03-08 16:00:00,16,10,False,1361,1181,0.6788169197947567,0.21015582024186943,0.11102725996337393,0.21015582024186943,0.6788169197947567,0.11102725996337393,2.147478019347644,0.7414947206889823
FC Slovan Liberec,SK Dynamo České Budějovice,2025-04-05,16:00,28,2025-04-05 16:00:00,12,10,True,1397,1181,0.7222345336491706,0.17781538884649767,0.09995007750433182,0.17781538884649767,0.7222345336491706,0.09995007750433182,2.266653678451844,0.6333962440438248
SK Dynamo České Budějovice,FK Teplice,2025-04-12,00:00,29,2025-04-12 00:00:00,10,11,True,1181,1345,0.22585202229816936,0.6584145209169125,0.11573345678491809,0.6584145209169125,0.22585202229816936,0.11573345678491809,0.7932895236794262,2.090977019535656
SK Sigma Olomouc,SK Dynamo České Budějovice,2025-04-19,00:00,30,2025-04-19 00:00:00,14,10,True,1408,1181,0.7347570893165466,0.16874608434795343,0.09649682633549994,0.16874608434795343,0.7347570893165466,0.09649682633549994,2.3007680942851394,0.6027350793793602
SK Sigma Olomouc,FK Teplice,2024-08-03,20:00,3,2024-08-03 20:00:00,14,11,False,1408,1345,0.5186997779295586,0.34288131351292145,0.13841890855752004,0.34288131351292145,0.5186997779295586,0.13841890855752004,1.6945182423461957,1.1670628490962844
FK Teplice,FC Slovan Liberec,2024-08-10,17:00,4,2024-08-10 17:00:00,11,12,False,1345,1397,0.3572869311673796,0.502878199574811,0.13983486925780952,0.502878199574811,0.3572869311673796,0.13983486925780952,1.2116956627599482,1.6484694679822425
FK Teplice,FK Dukla Praha,2024-10-05,16:00,11,2024-10-05 16:00:00,11,15,False,1345,1238,0.581301478368915,0.2882774756572447,0.1304210459738403,0.2882774756572447,0.581301478368915,0.1304210459738403,1.8743254810805854,0.9952534729455744
1. FC Slovácko,FK Teplice,2024-10-20,15:30,12,2024-10-20 15:30:00,16,11,False,1361,1345,0.4512256641402582,0.4061446147638222,0.14262972109591954,0.4061446147638222,0.4512256641402582,0.14262972109591954,1.496306713516694,1.3610635653873862
FK Teplice,SK Sigma Olomouc,2024-11-30,16:00,17,2024-11-30 16:00:00,11,14,False,1345,1408,0.34288131351292145,0.5186997779295586,0.13841890855752004,0.5186997779295586,0.34288131351292145,0.13841890855752004,1.1670628490962844,1.6945182423461957
FC Viktoria Plzeň,FK Teplice,2024-12-05,20:00,8,2024-12-05 20:00:00,13,11,False,1603,1345,0.7680520031675839,0.14517082246824042,0.08677717436417565,0.14517082246824042,0.7680520031675839,0.08677717436417565,2.3909331838669274,0.5222896417688969
FC Slovan Liberec,FK Teplice,2024-12-08,15:30,18,2024-12-08 15:30:00,12,11,False,1397,1345,0.502878199574811,0.3572869311673796,0.13983486925780952,0.3572869311673796,0.502878199574811,0.13983486925780952,1.6484694679822425,1.2116956627599482
FK Teplice,FC Viktoria Plzeň,2025-02-16,15:30,22,2025-02-16 15:30:00,11,13,False,1345,1603,0.14517082246824042,0.7680520031675839,0.08677717436417565,0.7680520031675839,0.14517082246824042,0.08677717436417565,0.5222896417688969,2.3909331838669274
FK Dukla Praha,FK Teplice,2025-03-08,13:30,25,2025-03-08 13:30:00,15,11,False,1238,1345,0.2882774756572447,0.581301478368915,0.1304210459738403,0.581301478368915,0.2882774756572447,0.1304210459738403,0.9952534729455744,1.8743254810805854
FK Teplice,1. FC Slovácko,2025-03-15,16:00,26,2025-03-15 16:00:00,11,16,True,1345,1361,0.4061446147638222,0.4512256641402582,0.14262972109591954,0.4512256641402582,0.4061446147638222,0.14262972109591954,1.3610635653873862,1.496306713516694
FC Slovan Liberec,SK Sigma Olomouc,2024-07-28,14:30,2,2024-07-28 14:30:00,12,14,False,1397,1408,0.41310497662089996,0.4441090388831469,0.14278598449595314,0.4441090388831469,0.41310497662089996,0.14278598449595314,1.3821009143586531,1.4751131011453937
FC Slovan Liberec,FC Viktoria Plzeň,2024-09-01,20:00,7,2024-09-01 20:00:00,12,13,False,1397,1603,0.18638778949441326,0.7105400123698378,0.10307219813574897,0.7105400123698378,0.18638778949441326,0.10307219813574897,0.6622355666189887,2.2346922352452623
FK Dukla Praha,FC Slovan Liberec,2024-09-28,13:30,10,2024-09-28 13:30:00,15,12,False,1238,1397,0.23092407656660718,0.6519120398746636,0.1171638835587292,0.6519120398746636,0.23092407656660718,0.1171638835587292,0.8099361132585507,2.07290000318272
FC Slovan Liberec,1. FC Slovácko,2024-10-26,13:30,13,2024-10-26 13:30:00,12,16,False,1397,1361,0.47986327796418354,0.3787032768775454,0.14143344515827105,0.3787032768775454,0.47986327796418354,0.14143344515827105,1.5810232790508216,1.2775432757909073
SK Sigma Olomouc,FC Slovan Liberec,2024-11-24,18:30,16,2024-11-24 18:30:00,14,12,False,1408,1397,0.4441090388831469,0.41310497662089996,0.14278598449595314,0.41310497662089996,0.4441090388831469,0.14278598449595314,1.4751131011453937,1.3821009143586531
FC Viktoria Plzeň,FC Slovan Liberec,2025-02-08,19:00,21,2025-02-08 19:00:00,13,12,False,1603,1397,0.7105400123698378,0.18638778949441326,0.10307219813574897,0.18638778949441326,0.7105400123698378,0.10307219813574897,2.2346922352452623,0.6622355666189887
FC Slovan Liberec,FK Dukla Praha,2025-03-02,13:00,24,2025-03-02 13:00:00,12,15,False,1397,1238,0.6519120398746636,0.23092407656660718,0.1171638835587292,0.23092407656660718,0.6519120398746636,0.1171638835587292,2.07290000318272,0.8099361132585507
1. FC Slovácko,FC Slovan Liberec,2025-03-30,13:00,27,2025-03-30 13:00:00,16,12,True,1361,1397,0.3787032768775454,0.47986327796418354,0.14143344515827105,0.47986327796418354,0.3787032768775454,0.14143344515827105,1.2775432757909073,1.5810232790508216
FK Dukla Praha,FC Viktoria Plzeň,2024-07-20,20:00,1,2024-07-20 20:00:00,15,13,False,1238,1603,0.08402058726172794,0.8597585194581956,0.05622089328007651,0.8597585194581956,0.08402058726172794,0.05622089328007651,0.3082826550652603,2.635496451654663
FC Viktoria Plzeň,SK Sigma Olomouc,2024-09-17,17:00,6,2024-09-17 17:00:00,13,14,False,1603,1408,0.6973450785898532,0.19618148057531573,0.10647344083483112,0.19618148057531573,0.6973450785898532,0.10647344083483112,2.1985086766043906,0.6950178825607783
1. FC Slovácko,FC Viktoria Plzeň,2024-11-03,15:30,14,2024-11-03 15:30:00,16,13,False,1361,1603,0.15697803558596385,0.7512407935337106,0.09178117088032556,0.7512407935337106,0.15697803558596385,0.09178117088032556,0.5627152776382172,2.3455035514814573
SK Sigma Olomouc,FC Viktoria Plzeň,2025-02-03,18:00,20,2025-02-03 18:00:00,14,13,False,1408,1603,0.19618148057531573,0.6973450785898532,0.10647344083483112,0.6973450785898532,0.19618148057531573,0.10647344083483112,0.6950178825607783,2.1985086766043906
FC Viktoria Plzeň,1. FC Slovácko,2025-04-06,18:30,28,2025-04-06 18:30:00,13,16,True,1603,1361,0.7512407935337106,0.15697803558596385,0.09178117088032556,0.15697803558596385,0.7512407935337106,0.09178117088032556,2.3455035514814573,0.5627152776382172
FC Viktoria Plzeň,FK Dukla Praha,2025-04-19,00:00,30,2025-04-19 00:00:00,13,15,True,1603,1238,0.8597585194581956,0.08402058726172794,0.05622089328007651,0.08402058726172794,0.8597585194581956,0.05622089328007651,2.635496451654663,0.3082826550652603
SK Sigma Olomouc,FK Dukla Praha,2024-09-22,15:30,9,2024-09-22 15:30:00,14,15,False,1408,1238,0.6661394245831221,0.2198703960068415,0.11399017941003642,0.2198703960068415,0.6661394245831221,0.11399017941003642,2.1124084531594027,0.7736013674305608
SK Sigma Olomouc,1. FC Slovácko,2024-11-27,17:00,15,2024-11-27 17:00:00,14,16,False,1408,1361,0.49568276024494023,0.36392310031211805,0.14039413944294177,0.36392310031211805,0.49568276024494023,0.14039413944294177,1.6274424201777624,1.232163440379296
FK Dukla Praha,SK Sigma Olomouc,2025-02-22,13:30,23,2025-02-22 13:30:00,15,14,False,1238,1408,0.2198703960068415,0.6661394245831221,0.11399017941003642,0.6661394245831221,0.2198703960068415,0.11399017941003642,0.7736013674305608,2.1124084531594027
1. FC Slovácko,SK Sigma Olomouc,2025-04-12,00:00,29,2025-04-12 00:00:00,16,14,True,1361,1408,0.36392310031211805,0.49568276024494023,0.14039413944294177,0.49568276024494023,0.36392310031211805,0.14039413944294177,1.232163440379296,1.6274424201777624
FK Dukla Praha,1. FC Slovácko,2024-12-04,17:30,8,2024-12-04 17:30:00,15,16,False,1238,1361,0.269754586702576,0.6035363185261781,0.12670909477124592,0.6035363185261781,0.269754586702576,0.12670909477124592,0.935972854878974,1.9373180503497802
1. FC Slovácko,FK Dukla Praha,2025-02-15,16:00,22,2025-02-15 16:00:00,16,15,False,1361,1238,0.6035363185261781,0.269754586702576,0.12670909477124592,0.269754586702576,0.6035363185261781,0.12670909477124592,1.9373180503497802,0.935972854878974
